<?xml version="1.0" encoding="UTF-8"?>
<project-private xmlns="http://www.netbeans.org/ns/project-private/1">
    <editor-bookmarks xmlns="http://www.netbeans.org/ns/editor-bookmarks/2" lastBookmarkId="0"/>
    <open-files xmlns="http://www.netbeans.org/ns/projectui-open-files/2">
        <group>
            <file>file:/E:/PBO/JavaApplicationBank/src/javaapplicationbank/JavaBank.java</file>
            <file>file:/E:/PBO/JavaApplicationBank/src/javaapplicationbank/JavaBankList.java</file>
            <file>file:/E:/PBO/JavaApplicationBank/src/javaapplicationbank/JavaBankArrayListDelete.java</file>
            <file>file:/E:/PBO/JavaApplicationBank/src/javaapplicationbank/CompanyColor.java</file>
            <file>file:/E:/PBO/JavaApplicationBank/src/Account.java</file>
            <file>file:/E:/PBO/JavaApplicationBank/src/javaapplicationbank/CreditAccount.java</file>
            <file>file:/E:/PBO/JavaApplicationBank/src/javaapplicationbank/testBank.java</file>
        </group>
    </open-files>
</project-private>
